<?xml version="1.0" encoding="UTF-8"?>
<jboss-deployment-structure>
    <ear-subdeployments-isolated>false</ear-subdeployments-isolated>
    <deployment>
        <exclusions>
            <module name="org.apache.log4j" />
            <module name="org.apache.commons.logging" />
            <module name="org.jboss.logging" />
            <module name="org.jboss.logging.jul-to-slf4j-stub" />
            <module name="org.jboss.logmanager" />
            <module name="org.jboss.logmanager.log4j" />
            <module name="org.jboss.as.logging" />
            <module name="org.slf4j" />
        </exclusions>
        <dependencies>
            <module name="com.weblogic.wlthint3client" export="true" />
        </dependencies>
    </deployment>
</jboss-deployment-structure> 