<?xml version="1.0" encoding="UTF-8"?>
<beans xmlns="http://www.springframework.org/schema/beans"
       xmlns:xsi="http://www.w3.org/2001/XMLSchema-instance"
       xmlns:camel="http://camel.apache.org/schema/spring"
       xmlns:context="http://www.springframework.org/schema/context"
       xsi:schemaLocation=
               "http://www.springframework.org/schema/beans http://www.springframework.org/schema/beans/spring-beans.xsd
       http://camel.apache.org/schema/spring http://camel.apache.org/schema/spring/camel-spring.xsd
       http://www.springframework.org/schema/context http://www.springframework.org/schema/context/spring-context.xsd">
    <context:annotation-config/>
    <context:component-scan base-package="com.directv"/>

    <context:property-placeholder location="classpath:config/application.properties" order="1"/>
    <context:property-placeholder location="file:${EAP_HOME}/application.properties"
                                  ignore-resource-not-found="true" ignore-unresolvable="true"
                                  order="0"/>
    <bean id="bmsJndiTemplate" class="org.springframework.jndi.JndiTemplate">
        <property name="environment">
            <props>
                <prop key="java.naming.factory.initial">${bms.hornetq.naming.factory.initial}</prop>
                <prop key="java.naming.provider.url">${bms.hornetq.naming.provider.url}</prop>
            </props>
        </property>
    </bean>

    <bean id="bmsQueueConnectionFactory" class="org.springframework.jndi.JndiObjectFactoryBean">
        <property name="jndiTemplate">
            <ref bean="bmsJndiTemplate"/>
        </property>
        <property name="jndiName">
            <value>${bms.hornetq.jndi.connection.factory.name}</value>
        </property>
    </bean>
    <bean id="bmsAuthenticatedConnectionFactory"
          class="org.springframework.jms.connection.UserCredentialsConnectionFactoryAdapter">
        <property name="targetConnectionFactory" ref="bmsQueueConnectionFactory"/>
        <property name="username" value="${bms.hornetq.naming.security.principal}"/>
        <property name="password" value="${bms.hornetq.naming.security.credentials}"/>
    </bean>

    <bean id="bmsCachingConnectionFactory" class="org.springframework.jms.connection.CachingConnectionFactory">
        <property name="targetConnectionFactory" ref="bmsAuthenticatedConnectionFactory"/>
        <property name="sessionCacheSize" value="${bms.hornetq.spring.jms.connection.factory.size}"/>
    </bean>


    <bean id="bmsJmsConfiguration" class="org.apache.camel.component.jms.JmsConfiguration">
        <property name="connectionFactory" ref="bmsCachingConnectionFactory"/>
    </bean>

    <bean id="bms" class="org.apache.camel.component.jms.JmsComponent">
        <property name="configuration" ref="bmsJmsConfiguration"/>
    </bean>

    <camel:camelContext xmlns="http://camel.apache.org/schema/spring" id="bmsHornetQToKafkaContext" >
        <endpoint id="bmsHornetQLegacyEndPoint" uri="${bms.hornetq.legacy.end.point.uri}"/>
        <endpoint id="bmsHornetQNewEndPoint" uri="${bms.hornetq.new.end.point.uri}"/>
        <route id="bms_hornetq_to_kafka" autoStartup="true" >
            <from uri="ref:bmsHornetQLegacyEndPoint"/>
            <to uri="ref:bmsHornetQNewEndPoint"/>
        </route>
    </camel:camelContext>

</beans>
