<?xml version="1.0" encoding="UTF-8"?>
<beans xmlns="http://www.springframework.org/schema/beans"
       xmlns:xsi="http://www.w3.org/2001/XMLSchema-instance"
       xmlns:camel="http://camel.apache.org/schema/spring"
       xmlns:context="http://www.springframework.org/schema/context"
       xsi:schemaLocation=
               "http://www.springframework.org/schema/beans http://www.springframework.org/schema/beans/spring-beans.xsd
       http://camel.apache.org/schema/spring http://camel.apache.org/schema/spring/camel-spring.xsd
       http://www.springframework.org/schema/context http://www.springframework.org/schema/context/spring-context.xsd">
    <context:annotation-config/>
    <context:component-scan base-package="com.directv.liveclips"/>

    <context:property-placeholder location="classpath:config/application.properties" order="1"/>
    <context:property-placeholder location="file:${EAP_HOME}/application.properties"
                                  ignore-resource-not-found="true" ignore-unresolvable="true"
                                  order="0"/>
    <!-- WebLogic JndiTemplate Settings -->
    <bean id="jmsJndiTemplate" class="org.springframework.jndi.JndiTemplate">
        <property name="environment">
            <props>
                <prop key="java.naming.factory.initial">${weblogic.naming.factory.initial}</prop>
                <prop key="java.naming.provider.url">${weblogic.naming.provider.url}</prop>
                <prop key="java.naming.security.principal">${weblogic.naming.security.principal}</prop>
                <prop key="java.naming.security.credentials">${weblogic.naming.security.credentials}</prop>
            </props>
        </property>
    </bean>

    <bean id="jndiDestinationResolver" class="org.springframework.jms.support.destination.JndiDestinationResolver">
        <property name="jndiTemplate" ref="jmsJndiTemplate"/>
    </bean>
    <bean id="webLogicJmsConnectionFactory" class="org.springframework.jndi.JndiObjectFactoryBean">
        <property name="jndiTemplate" ref="jmsJndiTemplate"/>
        <property name="jndiName" value="${weblogic.jndi.connection.factory.name}"/>
    </bean>

    <bean id="weblogicCacheConnectionFactory" class="org.springframework.jms.connection.CachingConnectionFactory">
        <property name="targetConnectionFactory" ref="webLogicJmsConnectionFactory"/>
        <property name="sessionCacheSize" value="${weblogic.spring.jms.connection.factory.size}"/>
    </bean>


    <bean id="jmsConfiguration" class="org.apache.camel.component.jms.JmsConfiguration">
        <property name="connectionFactory" ref="weblogicCacheConnectionFactory"/>
        <property name="destinationResolver" ref="jndiDestinationResolver"/>
    </bean>

    <bean id="dtssWeblogic" class="org.apache.camel.component.jms.JmsComponent">
        <property name="configuration" ref="jmsConfiguration"/>
    </bean>
    <camel:camelContext xmlns="http://camel.apache.org/schema/spring" id="dtssWeblogicToKafkaContext">
        <endpoint id="legacyWeblogicEndPoint" uri="${legacy.end.point.uri}"/>
        <endpoint id="newEndPoint" uri="${new.end.point.uri}"/>
        <route id="dtss_weblogic_legacy_to_kafka" autoStartup="true">
            <from uri="ref:legacyWeblogicEndPoint"/>
            <to uri="ref:newEndPoint"/>
        </route>
    </camel:camelContext>

</beans>
