<?xml version="1.0" encoding="UTF-8"?>
<beans xmlns="http://www.springframework.org/schema/beans"
       xmlns:xsi="http://www.w3.org/2001/XMLSchema-instance"
       xmlns:camel="http://camel.apache.org/schema/spring"
       xmlns:context="http://www.springframework.org/schema/context"
       xsi:schemaLocation=
               "http://www.springframework.org/schema/beans http://www.springframework.org/schema/beans/spring-beans.xsd
       http://camel.apache.org/schema/spring http://camel.apache.org/schema/spring/camel-spring.xsd
       http://www.springframework.org/schema/context http://www.springframework.org/schema/context/spring-context.xsd">
    <context:annotation-config/>
    <context:component-scan base-package="com.directv.liveclips"/>

    <context:property-placeholder location="classpath:config/application.properties" order="1"/>
    <context:property-placeholder location="file:${EAP_HOME}/application.properties"
                                  ignore-resource-not-found="true" ignore-unresolvable="true"
                                  order="0"/>

    <!-- WebLogic JndiTemplate Settings -->
    <bean id="policyJmsJndiTemplate" class="org.springframework.jndi.JndiTemplate">
        <property name="environment">
            <props>
                <prop key="java.naming.factory.initial">${policy.weblogic.naming.factory.initial}</prop>
                <prop key="java.naming.provider.url">${policy.weblogic.naming.provider.url}</prop>
                <prop key="java.naming.security.principal">${policy.weblogic.naming.security.principal}</prop>
                <prop key="java.naming.security.credentials">${policy.weblogic.naming.security.credentials}</prop>
            </props>
        </property>
    </bean>

    <bean id="policyJndiDestinationResolver"
          class="org.springframework.jms.support.destination.JndiDestinationResolver">
        <property name="jndiTemplate" ref="policyJmsJndiTemplate"/>
    </bean>
    <bean id="policyWebLogicJmsConnectionFactory" class="org.springframework.jndi.JndiObjectFactoryBean">
        <property name="jndiTemplate" ref="policyJmsJndiTemplate"/>
        <property name="jndiName" value="${weblogic.jndi.connection.factory.name}"/>
    </bean>

    <bean id="policyWeblogicCacheConnectionFactory" class="org.springframework.jms.connection.CachingConnectionFactory">
        <property name="targetConnectionFactory" ref="policyWebLogicJmsConnectionFactory"/>
        <property name="sessionCacheSize" value="${policy.weblogic.spring.jms.connection.factory.size}"/>
    </bean>


    <bean id="policyJmsConfiguration" class="org.apache.camel.component.jms.JmsConfiguration">
        <property name="connectionFactory" ref="policyWeblogicCacheConnectionFactory"/>
        <property name="destinationResolver" ref="policyJndiDestinationResolver"/>
    </bean>

    <bean id="policyWeblogic" class="org.apache.camel.component.jms.JmsComponent">
        <property name="configuration" ref="policyJmsConfiguration"/>
    </bean>
    <camel:camelContext xmlns="http://camel.apache.org/schema/spring" id="poilicyWebLogicToKafkaContext">
        <endpoint id="policyWeblogicEndPoint" uri="${policy.legacy.end.point.uri}"/>
        <endpoint id="policyNewEndPoint" uri="${policy.new.end.point.uri}"/>
        <route id="weblogic_policy_to_kafka" autoStartup="true">
            <from uri="ref:policyWeblogicEndPoint"/>
            <to uri="ref:policyNewEndPoint"/>
        </route>
    </camel:camelContext>

</beans>
